{"is_source_file": true, "format": "JavaScript/ECMAScript Module (.mjs)", "description": "ESLint configuration file setting up linting rules, plugin integrations, and environment options for JavaScript and React projects.", "external_files": ["@eslint/js", "eslint-plugin-react"], "external_methods": [], "published": [], "classes": [], "methods": [], "calls": ["pluginJs", "pluginReact", "pluginJs.configs.recommended"], "search-terms": ["eslint", "eslint.config", "JavaScript linting", "ESLint plugins", "React ESLint setup", "eslintrc mjs"], "state": 2, "file_id": 2, "knowledge_revision": 20, "git_revision": "1c3a5bd839e624cdf221ea2f13a94c579cf38b4f", "hash": "be6538e7523bc2e9da0743133d784136", "format-version": 4, "code-base-name": "frontend_pub_website", "filename": "frontend_pub_website/eslint.config.mjs", "revision_history": [{"20": "1c3a5bd839e624cdf221ea2f13a94c579cf38b4f"}]}