{"is_source_file": true, "format": "JavaScript", "description": "This file defines a React functional component named FormField used for rendering form fields with labels, hints, and error messages.", "external_files": ["react"], "external_methods": [], "published": ["FormField"], "classes": [], "methods": [{"name": "FormField({ label, htmlFor, required = false, hint, error, children, })", "description": "A React functional component that renders a labeled form element with optional hint and error messages.", "scope": "", "scopeKind": ""}], "calls": ["React"], "search-terms": ["FormField", "React component", "form label", "fieldHint", "fieldError"], "state": 2, "file_id": 16, "knowledge_revision": 49, "git_revision": "dc61fef203dd4f884ce8462003bd3b1744a2527d", "ctags": [{"_type": "tag", "name": "FormField", "path": "/home/kavia/workspace/code-generation/paris-english-pub-experience-229915-229924/frontend_pub_website/src/components/FormField.js", "pattern": "/^export function FormField({$/", "language": "JavaScript", "kind": "function", "signature": "({ label, htmlFor, required = false, hint, error, children, })"}], "hash": "3c42d106f2d6bcac1ed2aee5a863fddd", "format-version": 4, "code-base-name": "frontend_pub_website", "filename": "frontend_pub_website/src/components/FormField.js", "revision_history": [{"49": "dc61fef203dd4f884ce8462003bd3b1744a2527d"}]}