{"is_source_file": true, "format": "JavaScript (React JSX)", "description": "This file is the main application component for a React-based frontend website. It sets up routing for different pages such as Home, Menu, Events, Gallery, Booking, and Contact, using React Router. It also imports CSS styling and layout components.", "external_files": ["./layouts/SiteLayout", "./pages/HomePage", "./pages/MenuPage", "./pages/EventsPage", "./pages/GalleryPage", "./pages/BookingPage", "./pages/ContactPage", "./App.css"], "external_methods": ["React", "Navigate", "Route", "Routes"], "published": ["App"], "classes": [], "methods": [{"name": "App()", "description": "Defines the main application component that handles the routing for the SPA.", "scope": "", "scopeKind": ""}], "calls": ["React", "Navigate", "Route", "Routes"], "search-terms": ["React Router", "Routing", "MainApp", "SPA", "frontend", "App.js"], "state": 2, "file_id": 4, "knowledge_revision": 43, "git_revision": "dc61fef203dd4f884ce8462003bd3b1744a2527d", "revision_history": [{"25": "1c3a5bd839e624cdf221ea2f13a94c579cf38b4f"}, {"43": "dc61fef203dd4f884ce8462003bd3b1744a2527d"}], "ctags": [{"_type": "tag", "name": "App", "path": "/home/kavia/workspace/code-generation/paris-english-pub-experience-229915-229924/frontend_pub_website/src/App.js", "pattern": "/^function App() {$/", "language": "JavaScript", "kind": "function", "signature": "()"}], "hash": "efe00f1f5e5d31f069ea3db7be7db2b0", "format-version": 4, "code-base-name": "frontend_pub_website", "filename": "frontend_pub_website/src/App.js"}