{"is_source_file": true, "format": "JavaScript (React component)", "description": "This file defines a React functional component named 'Section' that renders a styled section of a webpage, optionally including a header with kicker, title, subtitle, and actions.", "external_files": ["react"], "external_methods": [], "published": ["Section"], "classes": [], "methods": [{"name": "Section({ kicker, title, subtitle, actions, children })", "description": "React functional component that renders a section with optional header elements and children content.", "scope": "", "scopeKind": ""}], "calls": ["React"], "search-terms": ["Section", "React component", "section header", "props", "kicker", "title", "subtitle", "actions", "children"], "state": 2, "file_id": 15, "knowledge_revision": 48, "git_revision": "dc61fef203dd4f884ce8462003bd3b1744a2527d", "ctags": [{"_type": "tag", "name": "Section", "path": "/home/kavia/workspace/code-generation/paris-english-pub-experience-229915-229924/frontend_pub_website/src/components/Section.js", "pattern": "/^export function Section({ kicker, title, subtitle, actions, children }) {$/", "language": "JavaScript", "kind": "function", "signature": "({ kicker, title, subtitle, actions, children })"}], "hash": "1c0d64558f8f83cde8d316a5ad24306d", "format-version": 4, "code-base-name": "frontend_pub_website", "filename": "frontend_pub_website/src/components/Section.js", "revision_history": [{"48": "dc61fef203dd4f884ce8462003bd3b1744a2527d"}]}