{"is_source_file": true, "format": "JavaScript (React JSX)", "description": "This file defines a React functional component named 'Card' which renders a styled div that can be optionally clickable and contain child elements.", "external_files": [], "external_methods": [], "published": ["Card"], "classes": [], "methods": [{"name": "Card({ className = \"\", clickable = false, children, ...props })", "description": "A React functional component that renders a styled 'div' element, applying conditional classes based on the 'clickable' prop and including any children inside.", "scope": "", "scopeKind": ""}], "calls": ["React", "React.createElement"], "search-terms": ["Card component", "React functional component", "JSX div", "clickable styling"], "state": 2, "file_id": 14, "knowledge_revision": 47, "git_revision": "dc61fef203dd4f884ce8462003bd3b1744a2527d", "ctags": [{"_type": "tag", "name": "${clickableClass} ${className}", "path": "/home/kavia/workspace/code-generation/paris-english-pub-experience-229915-229924/frontend_pub_website/src/components/Card.js", "pattern": "/^    <div className={`${clickableClass} ${className}`.trim()} {...props}>$/", "language": "JavaScript", "kind": "field", "scope": "Card.AnonymousClass427843000101", "scopeKind": "class"}, {"_type": "tag", "name": "Card", "path": "/home/kavia/workspace/code-generation/paris-english-pub-experience-229915-229924/frontend_pub_website/src/components/Card.js", "pattern": "/^export function Card({ className = \"\", clickable = false, children, ...props }) {$/", "language": "JavaScript", "kind": "function", "signature": "({ className = \"\", clickable = false, children, ...props })"}], "hash": "97992fe62f2056a2b960b1bded0ab327", "format-version": 4, "code-base-name": "frontend_pub_website", "filename": "frontend_pub_website/src/components/Card.js", "fields": [{"name": "<div className={`${clickableClass} ${className}`.trim()} {...props}>", "scope": "Card.AnonymousClass427843000101", "scopeKind": "class", "description": "unavailable"}], "revision_history": [{"47": "dc61fef203dd4f884ce8462003bd3b1744a2527d"}]}