{"is_source_file": true, "format": "JavaScript", "description": "This file sets up custom matchers for Jest testing library, specifically enhancing DOM node assertions with jest-dom matchers.", "external_files": ["@testing-library/jest-dom"], "external_methods": ["expect(...).toHaveTextContent(...)"], "published": [], "classes": [], "methods": [], "calls": ["import('@testing-library/jest-dom')"], "search-terms": ["setupTests.js", "jest-dom", "jest matchers", "testing-library"], "state": 2, "file_id": 7, "knowledge_revision": 22, "git_revision": "1c3a5bd839e624cdf221ea2f13a94c579cf38b4f", "ctags": [], "hash": "1a77571e1a8cf36018a41bcedf60db75", "format-version": 4, "code-base-name": "frontend_pub_website", "filename": "frontend_pub_website/src/setupTests.js", "revision_history": [{"22": "1c3a5bd839e624cdf221ea2f13a94c579cf38b4f"}]}