{"is_source_file": true, "format": "JavaScript (React JSX)", "description": "This file defines the 'GalleryPage' React component, which renders a gallery page with placeholder images and descriptive text. It imports React, useMemo hook, and a custom 'Section' component from another module.", "external_files": ["../components/Section"], "external_methods": [], "published": ["GalleryPage"], "classes": [], "methods": [{"name": "GalleryPage()", "description": "React functional component that creates and displays a gallery page with placeholder images and a section header.", "scope": "", "scopeKind": ""}], "calls": ["React", "useMemo", "Array.from", "Section"], "search-terms": ["GalleryPage", "React", "useMemo", "imageGrid", "Placeholder"], "state": 2, "file_id": 23, "knowledge_revision": 56, "git_revision": "dc61fef203dd4f884ce8462003bd3b1744a2527d", "ctags": [{"_type": "tag", "name": "GalleryPage", "path": "/home/kavia/workspace/code-generation/paris-english-pub-experience-229915-229924/frontend_pub_website/src/pages/GalleryPage.js", "pattern": "/^export function GalleryPage() {$/", "language": "JavaScript", "kind": "function", "signature": "()"}], "hash": "2ae84426555151ccecb4f4b3cba26a61", "format-version": 4, "code-base-name": "frontend_pub_website", "filename": "frontend_pub_website/src/pages/GalleryPage.js", "revision_history": [{"56": "dc61fef203dd4f884ce8462003bd3b1744a2527d"}]}