{"is_source_file": true, "format": "CSS", "description": "CSS stylesheet for theming and layout styling of a web application, including theme variables, responsive design, and animation styles.", "external_files": [], "external_methods": [], "published": [], "classes": [], "methods": [], "calls": [], "search-terms": ["CSS Variables", "theme management", "dark mode", ".App", "responsive design", "animation", "media queries", "button styles"], "state": 3, "file_id": 5, "knowledge_revision": 19, "git_revision": "1c3a5bd839e624cdf221ea2f13a94c579cf38b4f", "hash": "22f9e17cc1848b56dbb244518ac2707e", "format-version": 4, "code-base-name": "frontend_pub_website", "filename": "frontend_pub_website/src/App.css", "revision_history": [{"19": "1c3a5bd839e624cdf221ea2f13a94c579cf38b4f"}, {"27": "1c3a5bd839e624cdf221ea2f13a94c579cf38b4f"}]}