{"is_source_file": true, "format": "JavaScript (React JSX)", "description": "This file defines a ContactPage component for a React web application, providing a contact form with validation, display of contact details, and placeholders for map and contact info.", "external_files": ["../components/Card", "../components/Section", "../components/FormField", "../components/Button"], "external_methods": [], "published": ["ContactPage"], "classes": [], "methods": [{"name": "validate(values)", "description": "Validates form values, checking for required fields and proper email format.", "scope": "", "scopeKind": ""}, {"name": "showError", "description": "Determines whether to display an error message for a form field based on user interaction and form submission."}, {"name": "ContactPage()", "scope": "", "scopeKind": "", "description": "unavailable"}, {"name": "onBlur(e)", "scope": "ContactPage", "scopeKind": "function", "description": "unavailable"}, {"name": "onChange(e)", "scope": "ContactPage", "scopeKind": "function", "description": "unavailable"}, {"name": "onSubmit(e)", "scope": "ContactPage", "scopeKind": "function", "description": "unavailable"}], "calls": ["React.useMemo", "React.useState", "console.log", "setValues", "setTouched", "setSubmitted"], "search-terms": ["ContactPage", "form validation", "React useMemo", "useState hooks", "contact form", "placeholder contact info", "inline validation messages"], "state": 2, "file_id": 25, "knowledge_revision": 58, "git_revision": "dc61fef203dd4f884ce8462003bd3b1744a2527d", "ctags": [{"_type": "tag", "name": "ContactPage", "path": "/home/kavia/workspace/code-generation/paris-english-pub-experience-229915-229924/frontend_pub_website/src/pages/ContactPage.js", "pattern": "/^export function ContactPage() {$/", "language": "JavaScript", "kind": "function", "signature": "()"}, {"_type": "tag", "name": "onBlur", "path": "/home/kavia/workspace/code-generation/paris-english-pub-experience-229915-229924/frontend_pub_website/src/pages/ContactPage.js", "pattern": "/^                  onBlur={onBlur}$/", "language": "JavaScript", "kind": "field", "scope": "onBlur", "scopeKind": "class"}, {"_type": "tag", "name": "onBlur", "path": "/home/kavia/workspace/code-generation/paris-english-pub-experience-229915-229924/frontend_pub_website/src/pages/ContactPage.js", "pattern": "/^  function onBlur(e) {$/", "language": "JavaScript", "kind": "function", "signature": "(e)", "scope": "ContactPage", "scopeKind": "function"}, {"_type": "tag", "name": "onChange", "path": "/home/kavia/workspace/code-generation/paris-english-pub-experience-229915-229924/frontend_pub_website/src/pages/ContactPage.js", "pattern": "/^                  onChange={onChange}$/", "language": "JavaScript", "kind": "field", "scope": "onChange", "scopeKind": "class"}, {"_type": "tag", "name": "onChange", "path": "/home/kavia/workspace/code-generation/paris-english-pub-experience-229915-229924/frontend_pub_website/src/pages/ContactPage.js", "pattern": "/^  function onChange(e) {$/", "language": "JavaScript", "kind": "function", "signature": "(e)", "scope": "ContactPage", "scopeKind": "function"}, {"_type": "tag", "name": "onSubmit", "path": "/home/kavia/workspace/code-generation/paris-english-pub-experience-229915-229924/frontend_pub_website/src/pages/ContactPage.js", "pattern": "/^  function onSubmit(e) {$/", "language": "JavaScript", "kind": "function", "signature": "(e)", "scope": "ContactPage", "scopeKind": "function"}, {"_type": "tag", "name": "validate", "path": "/home/kavia/workspace/code-generation/paris-english-pub-experience-229915-229924/frontend_pub_website/src/pages/ContactPage.js", "pattern": "/^function validate(values) {$/", "language": "JavaScript", "kind": "function", "signature": "(values)"}, {"_type": "tag", "name": "values", "path": "/home/kavia/workspace/code-generation/paris-english-pub-experience-229915-229924/frontend_pub_website/src/pages/ContactPage.js", "pattern": "/^                  value={values.email}$/", "language": "JavaScript", "kind": "field", "scope": "value", "scopeKind": "class"}, {"_type": "tag", "name": "values", "path": "/home/kavia/workspace/code-generation/paris-english-pub-experience-229915-229924/frontend_pub_website/src/pages/ContactPage.js", "pattern": "/^                  value={values.message}$/", "language": "JavaScript", "kind": "field", "scope": "value", "scopeKind": "class"}, {"_type": "tag", "name": "values", "path": "/home/kavia/workspace/code-generation/paris-english-pub-experience-229915-229924/frontend_pub_website/src/pages/ContactPage.js", "pattern": "/^                  value={values.name}$/", "language": "JavaScript", "kind": "field", "scope": "value", "scopeKind": "class"}], "hash": "3972ef095acc25fad7ff6e9bd481b3b6", "format-version": 4, "code-base-name": "frontend_pub_website", "filename": "frontend_pub_website/src/pages/ContactPage.js", "fields": [{"name": "onBlur={onBlur}", "scope": "onBlur", "scopeKind": "class", "description": "unavailable"}, {"name": "onChange={onChange}", "scope": "onChange", "scopeKind": "class", "description": "unavailable"}, {"name": "value={values.email}", "scope": "value", "scopeKind": "class", "description": "unavailable"}, {"name": "value={values.message}", "scope": "value", "scopeKind": "class", "description": "unavailable"}, {"name": "value={values.name}", "scope": "value", "scopeKind": "class", "description": "unavailable"}], "revision_history": [{"58": "dc61fef203dd4f884ce8462003bd3b1744a2527d"}]}