{"is_source_file": true, "format": "JavaScript (React JSX)", "description": "This source file defines a React component named App that manages a theme toggle between light and dark modes, applying the theme to the document element, and rendering UI elements including a button, logo, informational text, and a link.", "external_files": ["./logo.svg", "./App.css"], "external_methods": ["document.documentElement.setAttribute"], "published": ["App"], "classes": [], "methods": [{"name": "App()", "description": "Functional React component that manages theme state and renders the user interface.", "scope": "", "scopeKind": ""}], "calls": ["useState", "useEffect", "document.documentElement.setAttribute", "setTheme", "prevTheme => prevTheme === 'light' ? 'dark' : 'light'", "document.getElementById", "console.log"], "search-terms": ["React App component", "theme toggle", "useState", "useEffect", "CSS classes", "JSX", "React hooks"], "state": 2, "file_id": 4, "knowledge_revision": 25, "git_revision": "1c3a5bd839e624cdf221ea2f13a94c579cf38b4f", "ctags": [{"_type": "tag", "name": "App", "path": "/home/kavia/workspace/code-generation/paris-english-pub-experience-229915-229924/frontend_pub_website/src/App.js", "pattern": "/^function App() {$/", "language": "JavaScript", "kind": "function", "signature": "()"}, {"_type": "tag", "name": "Switch to ${theme === 'light' ? 'dark' : 'light'} mode", "path": "/home/kavia/workspace/code-generation/paris-english-pub-experience-229915-229924/frontend_pub_website/src/App.js", "pattern": "/^          aria-label={`Switch to ${theme === 'light' ? 'dark' : 'light'} mode`}$/", "language": "JavaScript", "kind": "field", "scope": "App.aria", "scopeKind": "class"}, {"_type": "tag", "name": "toggleTheme", "path": "/home/kavia/workspace/code-generation/paris-english-pub-experience-229915-229924/frontend_pub_website/src/App.js", "pattern": "/^          onClick={toggleTheme}$/", "language": "JavaScript", "kind": "field", "scope": "App.onClick", "scopeKind": "class"}], "hash": "b55dd9e6a018e59207d8e277dffd9e11", "format-version": 4, "code-base-name": "frontend_pub_website", "filename": "frontend_pub_website/src/App.js", "fields": [{"name": "aria-label={`Switch to ${theme === 'light' ? 'dark' : 'light'} mode`}", "scope": "App.aria", "scopeKind": "class", "description": "unavailable"}, {"name": "onClick={toggleTheme}", "scope": "App.onClick", "scopeKind": "class", "description": "unavailable"}], "revision_history": [{"25": "1c3a5bd839e624cdf221ea2f13a94c579cf38b4f"}]}