{"is_source_file": true, "format": "JavaScript", "description": "This is the main entry point for a React application, initializing the React app and rendering the root component.", "external_files": ["./App", "./index.css"], "external_methods": ["ReactDOM.createRoot", "root.render", "React.StrictMode"], "published": [], "classes": [], "methods": [], "calls": ["ReactDOM.createRoot", "root.render", "React.StrictMode", "App"], "search-terms": ["index.js", "React", "ReactDOM", "render", "root", "entry point"], "state": 2, "file_id": 6, "knowledge_revision": 23, "git_revision": "1c3a5bd839e624cdf221ea2f13a94c579cf38b4f", "ctags": [{"_type": "tag", "name": "root", "path": "/home/kavia/workspace/code-generation/paris-english-pub-experience-229915-229924/frontend_pub_website/src/index.js", "pattern": "/^const root = ReactDOM.createRoot(document.getElementById('root'));$/", "language": "JavaScript", "kind": "constant"}], "hash": "9fc5841375336fc175b49f8767a11383", "format-version": 4, "code-base-name": "frontend_pub_website", "filename": "frontend_pub_website/src/index.js", "revision_history": [{"23": "1c3a5bd839e624cdf221ea2f13a94c579cf38b4f"}]}