{"is_source_file": true, "format": "JavaScript (React JSX)", "description": "A React functional component named 'Footer' that renders footer content for a website, including contact info, social links, and environment-configurable URLs.", "external_files": [], "external_methods": ["React.useMemo"], "published": ["Footer"], "classes": [], "methods": [{"name": "Footer()", "description": "React functional component rendering the footer section with links, contact info, and static content.", "scope": "", "scopeKind": ""}, {"name": "getEnv(name)", "scope": "", "scopeKind": "", "description": "unavailable"}], "calls": ["React.useMemo", "getEnv", "new Date().getFullYear()"], "search-terms": ["Footer", "React component", "environment variables", "social links", "paris", "pub"], "state": 2, "file_id": 18, "knowledge_revision": 51, "git_revision": "dc61fef203dd4f884ce8462003bd3b1744a2527d", "ctags": [{"_type": "tag", "name": "Footer", "path": "/home/kavia/workspace/code-generation/paris-english-pub-experience-229915-229924/frontend_pub_website/src/components/Footer.js", "pattern": "/^export function Footer() {$/", "language": "JavaScript", "kind": "function", "signature": "()"}, {"_type": "tag", "name": "getEnv", "path": "/home/kavia/workspace/code-generation/paris-english-pub-experience-229915-229924/frontend_pub_website/src/components/Footer.js", "pattern": "/^function getEnv(name) {$/", "language": "JavaScript", "kind": "function", "signature": "(name)"}], "hash": "72fb942d30f84fd54659d2f95806052e", "format-version": 4, "code-base-name": "frontend_pub_website", "filename": "frontend_pub_website/src/components/Footer.js", "revision_history": [{"51": "dc61fef203dd4f884ce8462003bd3b1744a2527d"}]}