{"is_source_file": true, "format": "JavaScript (React JSX)", "description": "React component 'Hero' that renders a hero section for a Paris English Pub website, including promotional text and navigation buttons.", "external_files": ["./Button"], "external_methods": [], "published": ["Hero"], "classes": [], "methods": [{"name": "Hero()", "description": "React functional component rendering the hero section with promotional content and navigation buttons.", "scope": "", "scopeKind": ""}], "calls": ["React", "Button"], "search-terms": ["Hero", "react component", "pub website", "hero section", "navigation buttons"], "state": 2, "file_id": 19, "knowledge_revision": 52, "git_revision": "dc61fef203dd4f884ce8462003bd3b1744a2527d", "ctags": [{"_type": "tag", "name": "Hero", "path": "/home/kavia/workspace/code-generation/paris-english-pub-experience-229915-229924/frontend_pub_website/src/components/Hero.js", "pattern": "/^export function Hero() {$/", "language": "JavaScript", "kind": "function", "signature": "()"}], "hash": "63a0ab13768eef9cffde9c177053a715", "format-version": 4, "code-base-name": "frontend_pub_website", "filename": "frontend_pub_website/src/components/Hero.js", "revision_history": [{"52": "dc61fef203dd4f884ce8462003bd3b1744a2527d"}]}