{"is_source_file": true, "format": "JavaScript (JSX)", "description": "This is the main entry point for a React web application, setting up the root DOM element, rendering the main App component within React's StrictMode and React Router's BrowserRouter.", "external_files": ["./index.css", "./App"], "external_methods": ["ReactDOM.createRoot", "React.StrictMode", "BrowserRouter", "ReactDOM.createRoot.render"], "published": [], "classes": [], "methods": [{"name": "root.render", "description": "Renders the React component tree into the DOM, initializing the React application."}], "calls": ["ReactDOM.createRoot", "root.render"], "search-terms": ["React", "ReactDOM", "index.js", "main entry point", "React Router", "App component"], "state": 2, "file_id": 6, "knowledge_revision": 44, "git_revision": "dc61fef203dd4f884ce8462003bd3b1744a2527d", "revision_history": [{"23": "1c3a5bd839e624cdf221ea2f13a94c579cf38b4f"}, {"44": "dc61fef203dd4f884ce8462003bd3b1744a2527d"}], "ctags": [{"_type": "tag", "name": "root", "path": "/home/kavia/workspace/code-generation/paris-english-pub-experience-229915-229924/frontend_pub_website/src/index.js", "pattern": "/^const root = ReactDOM.createRoot(document.getElementById(\"root\"));$/", "language": "JavaScript", "kind": "constant"}], "hash": "cdf2a45db864983860baaaa16173e219", "format-version": 4, "code-base-name": "frontend_pub_website", "filename": "frontend_pub_website/src/index.js"}