{"is_source_file": true, "file_id": 13, "git_revision": "", "state": 1, "description": "", "external_files": [], "external_methods": [], "published": [], "classes": [], "methods": [], "calls": [], "search-terms": [], "ctags": [{"_type": "tag", "name": "${variantClass} ${className}", "path": "/home/kavia/workspace/code-generation/paris-english-pub-experience-229915-229924/frontend_pub_website/src/components/Button.js", "pattern": "/^    <Component className={`${variantClass} ${className}`.trim()} {...props}>$/", "language": "JavaScript", "kind": "field", "scope": "Button.AnonymousClass861d8a020101", "scopeKind": "class"}, {"_type": "tag", "name": "Button", "path": "/home/kavia/workspace/code-generation/paris-english-pub-experience-229915-229924/frontend_pub_website/src/components/Button.js", "pattern": "/^export function Button({$/", "language": "JavaScript", "kind": "function", "signature": "({ as = \"button\", variant = \"primary\", className = \"\", children, ...props })"}, {"_type": "tag", "name": "getVariantClass", "path": "/home/kavia/workspace/code-generation/paris-english-pub-experience-229915-229924/frontend_pub_website/src/components/Button.js", "pattern": "/^function getVariantClass(variant) {$/", "language": "JavaScript", "kind": "function", "signature": "(variant)"}], "format": "JavaScript", "hash": "6beb54b29071d152aa454e286f74410d", "format-version": 4, "code-base-name": "frontend_pub_website", "filename": "frontend_pub_website/src/components/Button.js", "knowledge_revision": 29}