{"is_source_file": false, "format": "", "description": "", "external_files": [], "external_methods": [], "published": [], "classes": [], "methods": [], "calls": [], "search-terms": [], "state": 2, "file_id": 9, "knowledge_revision": 14, "git_revision": "1c3a5bd839e624cdf221ea2f13a94c579cf38b4f", "hash": "d2b40d02d5f7873d8a6713bad837edd4", "format-version": 4, "code-base-name": "frontend_pub_website", "filename": "frontend_pub_website/public/index.html", "revision_history": [{"14": "1c3a5bd839e624cdf221ea2f13a94c579cf38b4f"}]}