{"is_source_file": true, "format": "JavaScript (React JSX)", "description": "This file defines a React component for a pub menu page, including UI layout and static data for drinks, spirits, cocktails, and food items.", "external_files": ["../components/Card", "../components/Section"], "external_methods": [], "published": ["MenuPage"], "classes": [], "methods": [{"name": "Price({ value })", "description": "A React component that displays a price with specific styling, used within the menu items.", "scope": "", "scopeKind": ""}, {"name": "MenuPage()", "scope": "", "scopeKind": "", "description": "unavailable"}], "calls": ["React", "useMemo", "../components/Card", "../components/Section", "Price"], "search-terms": ["MenuPage", "React", "useMemo", "Card component", "Section component", "pub menu", "drinks data", "spirits data", "cocktails data", "food data"], "state": 2, "file_id": 21, "knowledge_revision": 54, "git_revision": "dc61fef203dd4f884ce8462003bd3b1744a2527d", "ctags": [{"_type": "tag", "name": "MenuPage", "path": "/home/kavia/workspace/code-generation/paris-english-pub-experience-229915-229924/frontend_pub_website/src/pages/MenuPage.js", "pattern": "/^export function MenuPage() {$/", "language": "JavaScript", "kind": "function", "signature": "()"}, {"_type": "tag", "name": "Price", "path": "/home/kavia/workspace/code-generation/paris-english-pub-experience-229915-229924/frontend_pub_website/src/pages/MenuPage.js", "pattern": "/^function Price({ value }) {$/", "language": "JavaScript", "kind": "function", "signature": "({ value })"}], "hash": "2d89f694633a7d5c11b700b86138efec", "format-version": 4, "code-base-name": "frontend_pub_website", "filename": "frontend_pub_website/src/pages/MenuPage.js", "revision_history": [{"54": "dc61fef203dd4f884ce8462003bd3b1744a2527d"}]}