{"is_source_file": false, "format": "", "description": "", "external_files": [], "external_methods": [], "published": [], "classes": [], "methods": [], "calls": [], "search-terms": [], "state": 2, "file_id": 10, "knowledge_revision": 15, "git_revision": "1c3a5bd839e624cdf221ea2f13a94c579cf38b4f", "hash": "d9d975cebe2ec20b6c652e1e4c12ccf0", "format-version": 4, "code-base-name": "frontend_pub_website", "filename": "frontend_pub_website/public/manifest.json", "revision_history": [{"15": "1c3a5bd839e624cdf221ea2f13a94c579cf38b4f"}]}