{"is_source_file": true, "format": "JavaScript", "description": "React component for a booking page form allowing users to reserve a table. Contains form validation, local state management, and UI rendering with custom components.", "external_files": ["../components/Card", "../components/Section", "../components/FormField", "../components/Button"], "external_methods": [], "published": ["BookingPage"], "classes": [], "methods": [{"name": "validate(values)", "description": "Validates the form values, checking for required fields and proper email format.", "scope": "", "scopeKind": ""}, {"name": "showError", "description": "Determines whether to display an error message for a specific form field based on touch or submission state."}, {"name": "BookingPage()", "scope": "", "scopeKind": "", "description": "unavailable"}, {"name": "onBlur(e)", "scope": "BookingPage", "scopeKind": "function", "description": "unavailable"}, {"name": "onChange(e)", "scope": "BookingPage", "scopeKind": "function", "description": "unavailable"}, {"name": "onSubmit(e)", "scope": "BookingPage", "scopeKind": "function", "description": "unavailable"}], "calls": ["React.useMemo", "React.useState", "console.log"], "search-terms": ["BookingPage", "react form validation", "reservation form", "useMemo", "useState", "validate", "booking submission", "React components"], "state": 2, "file_id": 24, "knowledge_revision": 57, "git_revision": "dc61fef203dd4f884ce8462003bd3b1744a2527d", "ctags": [{"_type": "tag", "name": "BookingPage", "path": "/home/kavia/workspace/code-generation/paris-english-pub-experience-229915-229924/frontend_pub_website/src/pages/BookingPage.js", "pattern": "/^export function BookingPage() {$/", "language": "JavaScript", "kind": "function", "signature": "()"}, {"_type": "tag", "name": "onBlur", "path": "/home/kavia/workspace/code-generation/paris-english-pub-experience-229915-229924/frontend_pub_website/src/pages/BookingPage.js", "pattern": "/^                    onBlur={onBlur}$/", "language": "JavaScript", "kind": "field", "scope": "onBlur", "scopeKind": "class"}, {"_type": "tag", "name": "onBlur", "path": "/home/kavia/workspace/code-generation/paris-english-pub-experience-229915-229924/frontend_pub_website/src/pages/BookingPage.js", "pattern": "/^                  onBlur={onBlur}$/", "language": "JavaScript", "kind": "field", "scope": "onBlur", "scopeKind": "class"}, {"_type": "tag", "name": "onBlur", "path": "/home/kavia/workspace/code-generation/paris-english-pub-experience-229915-229924/frontend_pub_website/src/pages/BookingPage.js", "pattern": "/^  function onBlur(e) {$/", "language": "JavaScript", "kind": "function", "signature": "(e)", "scope": "BookingPage", "scopeKind": "function"}, {"_type": "tag", "name": "onChange", "path": "/home/kavia/workspace/code-generation/paris-english-pub-experience-229915-229924/frontend_pub_website/src/pages/BookingPage.js", "pattern": "/^                    onChange={onChange}$/", "language": "JavaScript", "kind": "field", "scope": "onChange", "scopeKind": "class"}, {"_type": "tag", "name": "onChange", "path": "/home/kavia/workspace/code-generation/paris-english-pub-experience-229915-229924/frontend_pub_website/src/pages/BookingPage.js", "pattern": "/^                  onChange={onChange}$/", "language": "JavaScript", "kind": "field", "scope": "onChange", "scopeKind": "class"}, {"_type": "tag", "name": "onChange", "path": "/home/kavia/workspace/code-generation/paris-english-pub-experience-229915-229924/frontend_pub_website/src/pages/BookingPage.js", "pattern": "/^  function onChange(e) {$/", "language": "JavaScript", "kind": "function", "signature": "(e)", "scope": "BookingPage", "scopeKind": "function"}, {"_type": "tag", "name": "onSubmit", "path": "/home/kavia/workspace/code-generation/paris-english-pub-experience-229915-229924/frontend_pub_website/src/pages/BookingPage.js", "pattern": "/^  function onSubmit(e) {$/", "language": "JavaScript", "kind": "function", "signature": "(e)", "scope": "BookingPage", "scopeKind": "function"}, {"_type": "tag", "name": "validate", "path": "/home/kavia/workspace/code-generation/paris-english-pub-experience-229915-229924/frontend_pub_website/src/pages/BookingPage.js", "pattern": "/^function validate(values) {$/", "language": "JavaScript", "kind": "function", "signature": "(values)"}, {"_type": "tag", "name": "values", "path": "/home/kavia/workspace/code-generation/paris-english-pub-experience-229915-229924/frontend_pub_website/src/pages/BookingPage.js", "pattern": "/^                    value={values.date}$/", "language": "JavaScript", "kind": "field", "scope": "value", "scopeKind": "class"}, {"_type": "tag", "name": "values", "path": "/home/kavia/workspace/code-generation/paris-english-pub-experience-229915-229924/frontend_pub_website/src/pages/BookingPage.js", "pattern": "/^                    value={values.email}$/", "language": "JavaScript", "kind": "field", "scope": "value", "scopeKind": "class"}, {"_type": "tag", "name": "values", "path": "/home/kavia/workspace/code-generation/paris-english-pub-experience-229915-229924/frontend_pub_website/src/pages/BookingPage.js", "pattern": "/^                    value={values.phone}$/", "language": "JavaScript", "kind": "field", "scope": "value", "scopeKind": "class"}, {"_type": "tag", "name": "values", "path": "/home/kavia/workspace/code-generation/paris-english-pub-experience-229915-229924/frontend_pub_website/src/pages/BookingPage.js", "pattern": "/^                    value={values.time}$/", "language": "JavaScript", "kind": "field", "scope": "value", "scopeKind": "class"}, {"_type": "tag", "name": "values", "path": "/home/kavia/workspace/code-generation/paris-english-pub-experience-229915-229924/frontend_pub_website/src/pages/BookingPage.js", "pattern": "/^                  value={values.name}$/", "language": "JavaScript", "kind": "field", "scope": "value", "scopeKind": "class"}, {"_type": "tag", "name": "values", "path": "/home/kavia/workspace/code-generation/paris-english-pub-experience-229915-229924/frontend_pub_website/src/pages/BookingPage.js", "pattern": "/^                  value={values.notes}$/", "language": "JavaScript", "kind": "field", "scope": "value", "scopeKind": "class"}, {"_type": "tag", "name": "values", "path": "/home/kavia/workspace/code-generation/paris-english-pub-experience-229915-229924/frontend_pub_website/src/pages/BookingPage.js", "pattern": "/^                  value={values.partySize}$/", "language": "JavaScript", "kind": "field", "scope": "value", "scopeKind": "class"}], "hash": "ddc4182b562baf9988647f81524ca3fa", "format-version": 4, "code-base-name": "frontend_pub_website", "filename": "frontend_pub_website/src/pages/BookingPage.js", "fields": [{"name": "onBlur={onBlur}", "scope": "onBlur", "scopeKind": "class", "description": "unavailable"}, {"name": "onChange={onChange}", "scope": "onChange", "scopeKind": "class", "description": "unavailable"}, {"name": "value={values.date}", "scope": "value", "scopeKind": "class", "description": "unavailable"}, {"name": "value={values.email}", "scope": "value", "scopeKind": "class", "description": "unavailable"}, {"name": "value={values.phone}", "scope": "value", "scopeKind": "class", "description": "unavailable"}, {"name": "value={values.time}", "scope": "value", "scopeKind": "class", "description": "unavailable"}, {"name": "value={values.name}", "scope": "value", "scopeKind": "class", "description": "unavailable"}, {"name": "value={values.notes}", "scope": "value", "scopeKind": "class", "description": "unavailable"}, {"name": "value={values.partySize}", "scope": "value", "scopeKind": "class", "description": "unavailable"}], "revision_history": [{"57": "dc61fef203dd4f884ce8462003bd3b1744a2527d"}]}