{"is_source_file": true, "format": "JavaScript (React JSX)", "description": "This file defines a React functional component for a navigation bar (NavBar). It manages navigation links, drawer toggle state, and styles, and utilizes React Router's NavLink for routing.", "external_files": ["./Button"], "external_methods": ["React.useMemo", "React.useState", "react-router-dom.NavLink", "./Button.Button"], "published": ["NavBar"], "classes": [], "methods": [{"name": "getNavLinkClass({ isActive })", "description": "Returns the CSS class name for a navigation link based on whether it is active.", "scope": "", "scopeKind": ""}, {"name": "NavBar()", "description": "Main functional component that renders the navigation bar with links, toggle button, and branding.", "scope": "", "scopeKind": ""}], "calls": ["React.useState", "React.useMemo", "setIsOpen", "links.map", "setIsOpen", "getNavLinkClass", "Button", "NavLink"], "search-terms": ["NavBar", "react-router-dom", "useMemo", "useState", "Button component", "navigation menu", "active link styling"], "state": 2, "file_id": 17, "knowledge_revision": 50, "git_revision": "dc61fef203dd4f884ce8462003bd3b1744a2527d", "ctags": [{"_type": "tag", "name": "NavBar", "path": "/home/kavia/workspace/code-generation/paris-english-pub-experience-229915-229924/frontend_pub_website/src/components/NavBar.js", "pattern": "/^export function NavBar() {$/", "language": "JavaScript", "kind": "function", "signature": "()"}, {"_type": "tag", "name": "getNavLinkClass", "path": "/home/kavia/workspace/code-generation/paris-english-pub-experience-229915-229924/frontend_pub_website/src/components/NavBar.js", "pattern": "/^function getNavLinkClass({ isActive }) {$/", "language": "JavaScript", "kind": "function", "signature": "({ isActive })"}, {"_type": "tag", "name": "isOpen", "path": "/home/kavia/workspace/code-generation/paris-english-pub-experience-229915-229924/frontend_pub_website/src/components/NavBar.js", "pattern": "/^              aria-expanded={isOpen}$/", "language": "JavaScript", "kind": "field", "scope": "NavBar.aria", "scopeKind": "class"}, {"_type": "tag", "name": "isOpen", "path": "/home/kavia/workspace/code-generation/paris-english-pub-experience-229915-229924/frontend_pub_website/src/components/NavBar.js", "pattern": "/^              aria-label={isOpen ? \"Close navigation menu\" : \"Open navigation menu\"}$/", "language": "JavaScript", "kind": "field", "scope": "NavBar.aria", "scopeKind": "class"}], "hash": "b1014421df6a249e77bc67e2853466ea", "format-version": 4, "code-base-name": "frontend_pub_website", "filename": "frontend_pub_website/src/components/NavBar.js", "fields": [{"name": "aria-expanded={isOpen}", "scope": "NavBar.aria", "scopeKind": "class", "description": "unavailable"}, {"name": "aria-label={isOpen ? \"Close navigation menu\" : \"Open navigation menu\"}", "scope": "NavBar.aria", "scopeKind": "class", "description": "unavailable"}], "revision_history": [{"50": "dc61fef203dd4f884ce8462003bd3b1744a2527d"}]}