{"is_source_file": true, "format": "JavaScript (React JSX)", "description": "This file defines a React functional component 'Button' that renders a polymorphic button element with customizable variants and styling. It also includes a helper function to map variant names to CSS classes.", "external_files": [], "external_methods": [], "published": ["Button"], "classes": [], "methods": [{"name": "getVariantClass(variant)", "description": "Maps a variant name to corresponding CSS class names for styling the button.", "scope": "", "scopeKind": ""}, {"name": "Button({ as = \"button\", variant = \"primary\", className = \"\", children, ...props })", "description": "A polymorphic React component that renders as a button or link with specific styling based on variant.", "scope": "", "scopeKind": ""}], "calls": ["React", "getVariantClass"], "search-terms": ["React", "Button", "polymorphic", "variant", "CSS classes", "JSX"], "state": 2, "file_id": 13, "knowledge_revision": 46, "git_revision": "dc61fef203dd4f884ce8462003bd3b1744a2527d", "ctags": [{"_type": "tag", "name": "${variantClass} ${className}", "path": "/home/kavia/workspace/code-generation/paris-english-pub-experience-229915-229924/frontend_pub_website/src/components/Button.js", "pattern": "/^    <Component className={`${variantClass} ${className}`.trim()} {...props}>$/", "language": "JavaScript", "kind": "field", "scope": "Button.AnonymousClass861d8a020101", "scopeKind": "class"}, {"_type": "tag", "name": "Button", "path": "/home/kavia/workspace/code-generation/paris-english-pub-experience-229915-229924/frontend_pub_website/src/components/Button.js", "pattern": "/^export function Button({$/", "language": "JavaScript", "kind": "function", "signature": "({ as = \"button\", variant = \"primary\", className = \"\", children, ...props })"}, {"_type": "tag", "name": "getVariantClass", "path": "/home/kavia/workspace/code-generation/paris-english-pub-experience-229915-229924/frontend_pub_website/src/components/Button.js", "pattern": "/^function getVariantClass(variant) {$/", "language": "JavaScript", "kind": "function", "signature": "(variant)"}], "hash": "6beb54b29071d152aa454e286f74410d", "format-version": 4, "code-base-name": "frontend_pub_website", "filename": "frontend_pub_website/src/components/Button.js", "fields": [{"name": "<Component className={`${variantClass} ${className}`.trim()} {...props}>", "scope": "Button.AnonymousClass861d8a020101", "scopeKind": "class", "description": "unavailable"}], "revision_history": [{"46": "dc61fef203dd4f884ce8462003bd3b1744a2527d"}]}