{"is_source_file": false, "format": "", "description": "", "external_files": [], "external_methods": [], "published": [], "classes": [], "methods": [], "calls": [], "search-terms": [], "state": 2, "file_id": 8, "knowledge_revision": 28, "git_revision": "1c3a5bd839e624cdf221ea2f13a94c579cf38b4f", "hash": "5443eb268dfaba6aca0166afd5b0cf51", "format-version": 4, "code-base-name": "frontend_pub_website", "filename": "frontend_pub_website/src/index.css", "revision_history": [{"28": "1c3a5bd839e624cdf221ea2f13a94c579cf38b4f"}]}