{"is_source_file": false, "format": "", "description": "", "external_files": [], "external_methods": [], "published": [], "classes": [], "methods": [], "calls": [], "search-terms": [], "state": 2, "file_id": 1, "knowledge_revision": 26, "git_revision": "1c3a5bd839e624cdf221ea2f13a94c579cf38b4f", "hash": "ff8a8c816abae129c5b63ef7ea8e5c0a", "format-version": 4, "code-base-name": "frontend_pub_website", "filename": "frontend_pub_website/package.json", "revision_history": [{"26": "1c3a5bd839e624cdf221ea2f13a94c579cf38b4f"}]}