{"is_source_file": true, "format": "JavaScript (React JSX)", "description": "A React functional component named EventsPage that renders a page with upcoming events, including a list of event cards, header, and a booking button.", "external_files": ["../components/Card", "../components/Section", "../components/Button"], "external_methods": [], "published": ["EventsPage"], "classes": [], "methods": [{"name": "EventsPage()", "description": "React functional component rendering a page with event information, using useMemo for events data.", "scope": "", "scopeKind": ""}], "calls": ["useMemo", "Card", "Section", "Button", "events.map"], "search-terms": ["EventsPage", "React", "useMemo", "Card", "Section", "Button", "event list", "events data", "UI component"], "state": 2, "file_id": 22, "knowledge_revision": 55, "git_revision": "dc61fef203dd4f884ce8462003bd3b1744a2527d", "ctags": [{"_type": "tag", "name": "EventsPage", "path": "/home/kavia/workspace/code-generation/paris-english-pub-experience-229915-229924/frontend_pub_website/src/pages/EventsPage.js", "pattern": "/^export function EventsPage() {$/", "language": "JavaScript", "kind": "function", "signature": "()"}], "hash": "aceacb67e876b3908eba4229b1676ae2", "format-version": 4, "code-base-name": "frontend_pub_website", "filename": "frontend_pub_website/src/pages/EventsPage.js", "revision_history": [{"55": "dc61fef203dd4f884ce8462003bd3b1744a2527d"}]}