{"is_source_file": true, "format": "JavaScript (React JSX)", "description": "This file defines a React functional component called SiteLayout that composes the main layout structure of a web page, including a navigation bar, main content area, and footer.", "external_files": ["../components/NavBar", "../components/Footer", "react", "react-router-dom"], "external_methods": ["React", "Outlet"], "published": ["SiteLayout"], "classes": [], "methods": [{"name": "SiteLayout()", "description": "A React functional component that renders the site layout with NavBar, Outlet for nested routes, and Footer.", "scope": "", "scopeKind": ""}], "calls": ["React", "NavBar", "Outlet", "Footer"], "search-terms": ["SiteLayout", "React", "Outlet", "NavBar", "Footer", "layout", "JSX", "react-router-dom"], "state": 2, "file_id": 26, "knowledge_revision": 59, "git_revision": "dc61fef203dd4f884ce8462003bd3b1744a2527d", "ctags": [{"_type": "tag", "name": "SiteLayout", "path": "/home/kavia/workspace/code-generation/paris-english-pub-experience-229915-229924/frontend_pub_website/src/layouts/SiteLayout.js", "pattern": "/^export function SiteLayout() {$/", "language": "JavaScript", "kind": "function", "signature": "()"}], "hash": "628a31c98e7becebe15610f1017c5307", "format-version": 4, "code-base-name": "frontend_pub_website", "filename": "frontend_pub_website/src/layouts/SiteLayout.js", "revision_history": [{"59": "dc61fef203dd4f884ce8462003bd3b1744a2527d"}]}