{"is_source_file": true, "file_id": 14, "git_revision": "", "state": 1, "description": "", "external_files": [], "external_methods": [], "published": [], "classes": [], "methods": [], "calls": [], "search-terms": [], "ctags": [{"_type": "tag", "name": "${clickableClass} ${className}", "path": "/home/kavia/workspace/code-generation/paris-english-pub-experience-229915-229924/frontend_pub_website/src/components/Card.js", "pattern": "/^    <div className={`${clickableClass} ${className}`.trim()} {...props}>$/", "language": "JavaScript", "kind": "field", "scope": "Card.AnonymousClass427843000101", "scopeKind": "class"}, {"_type": "tag", "name": "Card", "path": "/home/kavia/workspace/code-generation/paris-english-pub-experience-229915-229924/frontend_pub_website/src/components/Card.js", "pattern": "/^export function Card({ className = \"\", clickable = false, children, ...props }) {$/", "language": "JavaScript", "kind": "function", "signature": "({ className = \"\", clickable = false, children, ...props })"}], "format": "JavaScript", "hash": "97992fe62f2056a2b960b1bded0ab327", "format-version": 4, "code-base-name": "frontend_pub_website", "filename": "frontend_pub_website/src/components/Card.js", "knowledge_revision": 30}