{"is_source_file": false, "format": "", "description": "", "external_files": [], "external_methods": [], "published": [], "classes": [], "methods": [], "calls": [], "search-terms": [], "state": 2, "file_id": 11, "knowledge_revision": 16, "git_revision": "1c3a5bd839e624cdf221ea2f13a94c579cf38b4f", "hash": "ebece526bc2eadd78ddd787a76c56607", "format-version": 4, "code-base-name": "frontend_pub_website", "filename": "frontend_pub_website/README.md", "revision_history": [{"16": "1c3a5bd839e624cdf221ea2f13a94c579cf38b4f"}]}