{"is_source_file": false, "format": "", "description": "", "external_files": [], "external_methods": [], "published": [], "classes": [], "methods": [], "calls": [], "search-terms": [], "state": 2, "file_id": 5, "knowledge_revision": 27, "git_revision": "1c3a5bd839e624cdf221ea2f13a94c579cf38b4f", "revision_history": [{"19": "1c3a5bd839e624cdf221ea2f13a94c579cf38b4f"}, {"27": "1c3a5bd839e624cdf221ea2f13a94c579cf38b4f"}], "hash": "a484e23c7b687dca2aa6307bf1a63e9a", "format-version": 4, "code-base-name": "frontend_pub_website", "filename": "frontend_pub_website/src/App.css"}