{"is_source_file": true, "format": "JavaScript (React JSX)", "description": "This file defines a React functional component named HomePage that constructs the main content of the homepage for the pub website, including sections for highlights, hours, and location, with various imported subcomponents.", "external_files": ["../components/Card", "../components/Hero", "../components/Section", "../components/Button"], "external_methods": [], "published": ["HomePage"], "classes": [], "methods": [{"name": "HomePage()", "description": "React functional component rendering the homepage content with sections for highlights, hours, and location.", "scope": "", "scopeKind": ""}], "calls": ["React", "Hero", "Section", "Card", "Button"], "search-terms": ["HomePage", "React", "Section", "Card", "Button", "pub website homepage", "public interface"], "state": 2, "file_id": 20, "knowledge_revision": 53, "git_revision": "dc61fef203dd4f884ce8462003bd3b1744a2527d", "ctags": [{"_type": "tag", "name": "HomePage", "path": "/home/kavia/workspace/code-generation/paris-english-pub-experience-229915-229924/frontend_pub_website/src/pages/HomePage.js", "pattern": "/^export function HomePage() {$/", "language": "JavaScript", "kind": "function", "signature": "()"}], "hash": "f35c0d9aac957635c23282a2a62cb513", "format-version": 4, "code-base-name": "frontend_pub_website", "filename": "frontend_pub_website/src/pages/HomePage.js", "revision_history": [{"53": "dc61fef203dd4f884ce8462003bd3b1744a2527d"}]}