{"is_source_file": false, "format": "", "description": "", "external_files": [], "external_methods": [], "published": [], "classes": [], "methods": [], "calls": [], "search-terms": [], "state": 2, "file_id": 12, "knowledge_revision": 21, "git_revision": "23162c06c345cc60d9ca9f9c71e913e00557e8f4", "hash": "2139b45561126c9b2c63caafcdb01e4c", "format-version": 4, "code-base-name": "frontend_pub_website", "filename": "README.md", "revision_history": [{"21": "23162c06c345cc60d9ca9f9c71e913e00557e8f4"}]}